Publish Date,Thumbnail,Title,Watch,Summary,Resources,Channel
"Sep 16, 2026",,"
How to Build an AI Voice Agent With Zero Code (Live Demo)",Watch on YouTube,A Full Voice Agent Breakdown of the AI Opportunity Assessment Discovery Call,View Resources,Nick Spisak
"Sep 10, 2026",,how to print money with GPT-6 Astra (before everyone ruins it),Watch on YouTube,"Two GPT-6 Astra skills that automate the analysis and report of a $1,000 assessment",View Resources,Corey Ganim
"Sep 8, 2026",,How I Fulfill $999 AI Assessments (step by step),Watch on YouTube,"A $999 AI tools assessment fulfilled end to end: transcript in, client-ready report out",View Resources,Corey Ganim
"Sep 4, 2026",,12 ways to land AI services clients (ranked),Watch on YouTube,"Twelve lead-gen methods for AI services ranked, with the three to start with",View Resources,Corey Ganim
"Sep 3, 2026",,I Ranked Every AI Offer From Worst to Best,Watch on YouTube,"Nine AI business models ranked S to F, and which one to sell first",View Resources,Corey Ganim
"Sep 1, 2026",,Watch Me Close My First AI Agency Client From Scratch *Hidden Mic*,Watch on YouTube,"Cold calls and door knocks from scratch: the scripts, the objections, two calls booked",View Resources,Corey Ganim
"Aug 31, 2026",,Watch me fulfill a real $999 AI assessment,Watch on YouTube,"The one-hour discovery call that opens a $999 AI assessment, question by question",View Resources,Corey Ganim
"Aug 28, 2026",,He made $50K teaching companies AI (full tutorial),Watch on YouTube,Mark Fershteyn's offer ladder from $500 workshops to $25-50K AI builds,,Corey Ganim
"Aug 26, 2026",,Landing a $30K Retainer BRAND NEW to AI (Case Study),Watch on YouTube,How a non-technical consultant turned a $97 workshop into a $30K AI concierge retainer,,Corey Ganim
"Aug 24, 2026",,The laziest way to make $10K/month selling AI,Watch on YouTube,The free-to-paid-to-retainer offer ladder and text script that gets to $10K a month,View Resources,Corey Ganim
"Aug 21, 2026",,AI Concierge Explained in 19 Minutes,Watch on YouTube,"The four-piece AI Concierge retainer that pays over $1,000 an hour, step by step",View Resources,Corey Ganim
"Aug 19, 2026",,Laziest way to sign AI clients FAST,Watch on YouTube,"Seven zero-cost ways to land local AI clients, with the scripts and the math",View Resources,Corey Ganim
"Aug 17, 2026",,How to Sign Your First AI Client (Zero Content or Cold Outreach),Watch on YouTube,Host a free AI for Business meetup and turn the room into assessments and retainers,View Resources,Corey Ganim
"Aug 13, 2026",,I asked Codex to make me as much money as possible,Watch on YouTube,"Idea to offer to website to 10 local leads in 30 minutes, by talking to Codex",,Corey Ganim
"Aug 11, 2026",,How to make $10K/month selling AI services (step by step),Watch on YouTube,Free mini assessment to paid assessment to AI Concierge: the ladder to $10K a month,View Resources,Corey Ganim
"Aug 10, 2026",,This hidden Codex feature PRINTS cash (no one is doing this),Watch on YouTube,Codex Sites homepage previews as a $500 foot-in-the-door for local service clients,,Corey Ganim
"Aug 7, 2026",,How to make f*ck you money SEOmaxxing boomer businesses,Watch on YouTube,Build an AI-search visibility app on Ahrefs data and sell it four ways,View Resources,Corey Ganim